{"version":1,"generationBiomes":[{"biome":"Type:PLAINS"},{"biome":"Type:FOREST"},{"biome":"Type:MOUNTAIN"},{"biome":"Type:HILLS"},{"biome":"Type:SWAMP"},{"biome":"Type:FROZEN"},{"biome":"Type:FOREST,FROZEN"}],"blockTransformers":[{"type":"natural","transformer":{"source":"reccomplex:naturalFloor","sourceMetadata":0}},{"type":"negativeSpace","transformer":{"source":"reccomplex:negativeSpace","sourceMetadata":0}},{"type":"naturalAir","transformer":{"source":"reccomplex:negativeSpace","sourceMetadata":1}}],"generationY":{"selectionMode":"surface","minY":-9,"maxY":-9},"rotatable":true,"mirrorable":false,"generationCategory":"decoration"}