{"version":3,"generationInfos":[{"type":"natural","generationInfo":{"generationCategory":"decoration","generationY":{"selectionMode":"surface","minY":-6,"maxY":-6},"generationBiomes":[{"biomes":"$NETHER","weight":0.0},{"biomes":"$END","weight":0.0},{"biomes":"$WATER","weight":0.0},{"biomes":"$FOREST"}],"generationDimensions":[]}}],"blockTransformers":[{"type":"naturalAir","transformer":{"source":"reccomplex:negativeSpace","sourceMetadata":1}},{"type":"negativeSpace","transformer":{"source":"reccomplex:negativeSpace","sourceMetadata":0}},{"type":"natural","transformer":{"source":"reccomplex:naturalFloor","sourceMetadata":0}}],"rotatable":true,"mirrorable":false,"metadata":{"authors":"Gazamo","weblink":"http://minecraftbuildinginc.com/elven-map-pack/","comment":""},"customData":{}}