{"version":2,"blockTransformers":[{"type":"naturalAir","transformer":{"source":"reccomplex:negativeSpace","sourceMetadata":1}},{"type":"negativeSpace","transformer":{"source":"reccomplex:negativeSpace","sourceMetadata":0}},{"type":"natural","transformer":{"source":"reccomplex:naturalFloor","sourceMetadata":0}}],"rotatable":true,"mirrorable":false,"mazeGenerationInfo":{"mazeID":"MesoMaze","component":{"weight":99,"rooms":[{"coordinates":[0,0,0]},{"coordinates":[0,0,1]},{"coordinates":[0,1,0]},{"coordinates":[0,1,1]}],"exits":[{"source":{"coordinates":[0,0,0]},"pathDimension":2,"pathGoesUp":false},{"source":{"coordinates":[0,1,0]},"pathDimension":2,"pathGoesUp":false},{"source":{"coordinates":[0,0,1]},"pathDimension":2,"pathGoesUp":true},{"source":{"coordinates":[0,1,1]},"pathDimension":2,"pathGoesUp":true}]}},"customData":{}}