{"version":1,"generationBiomes":[{"biome":"Type:FOREST"},{"biome":"Type:FOREST,FROZEN"}],"blockTransformers":[{"type":"natural","transformer":{"source":"reccomplex:naturalFloor","sourceMetadata":0}},{"type":"negativeSpace","transformer":{"source":"reccomplex:negativeSpace","sourceMetadata":0}},{"type":"naturalAir","transformer":{"source":"reccomplex:negativeSpace","sourceMetadata":1}}],"generationY":{"selectionMode":"surface","minY":-2,"maxY":-2},"rotatable":false,"mirrorable":false,"generationCategory":"decoration"}