{"version":1,"generationBiomes":[{"biome":"Type:NETHER","weight":0},{"biome":"Type:END","weight":0},{"biome":"Type:WATER","weight":0},{"biome":"Type:PLAINS"},{"biome":"Type:FOREST"},{"biome":"Type:SWAMP"},{"biome":"Type:WASTELAND"}],"blockTransformers":[{"type":"naturalAir","transformer":{"source":"reccomplex:negativeSpace","sourceMetadata":1}},{"type":"negativeSpace","transformer":{"source":"reccomplex:negativeSpace","sourceMetadata":0}},{"type":"natural","transformer":{"source":"reccomplex:naturalFloor","sourceMetadata":0}}],"generationY":{"selectionMode":"surface","minY":-1,"maxY":-1},"rotatable":false,"mirrorable":false,"generationCategory":"decoration","customData":{}}