{"version":1,"generationBiomes":[{"biome":"Type:NETHER","weight":0},{"biome":"Type:END","weight":0},{"biome":"Type:PLAINS"},{"biome":"Type:FOREST"},{"biome":"Type:MOUNTAIN"},{"biome":"Type:HILLS"},{"biome":"Type:SWAMP"},{"biome":"Type:SANDY"},{"biome":"Type:RIVER"},{"biome":"Type:WASTELAND"},{"biome":"Type:MUSHROOM"},{"biome":"Type:JUNGLE"}],"blockTransformers":[{"type":"naturalAir","transformer":{"source":"reccomplex:negativeSpace","sourceMetadata":1}},{"type":"negativeSpace","transformer":{"source":"reccomplex:negativeSpace","sourceMetadata":0}},{"type":"natural","transformer":{"source":"reccomplex:naturalFloor","sourceMetadata":0}}],"generationY":{"selectionMode":"lowestedge","minY":-7,"maxY":-1},"rotatable":true,"mirrorable":false,"generationCategory":"decoration"}