{"version":3,"generationInfos":[{"type":"natural","generationInfo":{"generationCategory":"decoration","generationY":{"selectionMode":"surface","minY":-1,"maxY":-1},"generationBiomes":[{"biomes":"$COLD","weight":0.0},{"biomes":"$HOT","weight":0.0},{"biomes":"$FOREST"}],"generationDimensions":[]}}],"blockTransformers":[{"type":"natural","transformer":{"source":"reccomplex:naturalFloor","sourceMetadata":0}},{"type":"negativeSpace","transformer":{"source":"reccomplex:negativeSpace","sourceMetadata":0}},{"type":"naturalAir","transformer":{"source":"reccomplex:negativeSpace","sourceMetadata":1}}],"rotatable":true,"mirrorable":true,"metadata":{"authors":"lentebriesje","weblink":"http://www.planetminecraft.com/project/native-trees-of-europe-template-repository-1779952/","comment":""},"customData":{}}