{"version":2,"blockTransformers":[{"type":"naturalAir","transformer":{"source":"reccomplex:negativeSpace","sourceMetadata":1}},{"type":"negativeSpace","transformer":{"source":"reccomplex:negativeSpace","sourceMetadata":0}},{"type":"natural","transformer":{"source":"reccomplex:naturalFloor","sourceMetadata":0}}],"rotatable":true,"mirrorable":false,"mazeGenerationInfo":{"mazeID":"PyramidMaze","component":{"weight":5,"rooms":[{"coordinates":[0,0,0]}],"exits":[{"source":{"coordinates":[0,0,0]},"pathDimension":0,"pathGoesUp":true}]}},"customData":{}}