{"version":1,"generationBiomes":[{"biome":"Type:PLAINS"},{"biome":"Type:FOREST"},{"biome":"Type:MOUNTAIN"},{"biome":"Type:HILLS"},{"biome":"Type:SWAMP"},{"biome":"Type:DESERT"},{"biome":"Type:FROZEN"},{"biome":"Type:FOREST,FROZEN"},{"biome":"Type:JUNGLE"}],"blockTransformers":[{"type":"naturalAir","transformer":{"source":"reccomplex:negativeSpace","sourceMetadata":1}},{"type":"negativeSpace","transformer":{"source":"reccomplex:negativeSpace","sourceMetadata":0}},{"type":"natural","transformer":{"source":"reccomplex:naturalFloor","sourceMetadata":0}}],"generationY":{"selectionMode":"surface","minY":0,"maxY":0},"rotatable":false,"mirrorable":false,"generationCategory":"decoration"}