{"version":2,"blockTransformers":[{"type":"naturalAir","transformer":{"source":"reccomplex:negativeSpace","sourceMetadata":1}},{"type":"negativeSpace","transformer":{"source":"reccomplex:negativeSpace","sourceMetadata":0}},{"type":"natural","transformer":{"source":"reccomplex:naturalFloor","sourceMetadata":0}}],"rotatable":false,"mirrorable":false,"naturalGenerationInfo":{"generationCategory":"adventure","generationY":{"selectionMode":"surface","minY":-2,"maxY":-2},"generationBiomes":[{"biome":"Type:COLD","weight":0},{"biome":"Type:HOT","weight":0},{"biome":"Type:FOREST"}]},"customData":{}}