{"version":1,"generationBiomes":[{"biome":"Type:PLAINS"},{"biome":"Type:FOREST"},{"biome":"Type:SWAMP"},{"biome":"Type:JUNGLE"}],"blockTransformers":[{"type":"natural","transformer":{"source":"structuregen:naturalFloor","sourceMetadata":0}},{"type":"negativeSpace","transformer":{"source":"structuregen:negativeSpace","sourceMetadata":0}},{"type":"naturalAir","transformer":{"source":"structuregen:negativeSpace","sourceMetadata":1}}],"generationY":{"selectionMode":"top","minY":-40,"maxY":-20},"rotatable":false,"generationCategory":"decoration"}