{"version":1,"generationBiomes":[{"biome":"River","weight":0},{"biome":"Type:WATER"},{"biome":"Type:WATER,FROZEN"},{"biome":"Deep Ocean"}],"blockTransformers":[{"type":"natural","transformer":{"source":"structuregen:naturalFloor","sourceMetadata":0}},{"type":"negativeSpace","transformer":{"source":"structuregen:negativeSpace","sourceMetadata":0}},{"type":"naturalAir","transformer":{"source":"structuregen:negativeSpace","sourceMetadata":1}}],"generationY":{"selectionMode":"underwater","minY":-2,"maxY":-2},"rotatable":false,"generationCategory":"decoration"}