{"version":3,"generationInfos":[{"type":"natural","generationInfo":{"generationCategory":"decoration","generationY":{"selectionMode":"surface","minY":-1,"maxY":-1},"generationBiomes":[{"biomes":"$NETHER","weight":0.0},{"biomes":"$END","weight":0.0},{"biomes":"$WATER","weight":0.0},{"biomes":"$PLAINS"},{"biomes":"$FOREST"},{"biomes":"$SWAMP"}],"generationDimensions":[]}}],"blockTransformers":[{"type":"naturalAir","transformer":{"source":"reccomplex:negativeSpace","sourceMetadata":1}},{"type":"negativeSpace","transformer":{"source":"reccomplex:negativeSpace","sourceMetadata":0}},{"type":"natural","transformer":{"source":"reccomplex:naturalFloor","sourceMetadata":0}},{"type":"ruins","transformer":{"minDecay":0.25247526,"maxDecay":1.0,"decayChaos":0.24752475,"blockErosion":0.36633664,"vineGrowth":0.0}}],"rotatable":true,"mirrorable":false,"metadata":{"authors":"lynchyinc","weblink":"http://www.planetminecraft.com/project/medievalfantasy-building-bundle/","comment":""},"customData":{}}