{"version":2,"blockTransformers":[{"type":"naturalAir","transformer":{"source":"reccomplex:negativeSpace","sourceMetadata":1}},{"type":"negativeSpace","transformer":{"source":"reccomplex:negativeSpace","sourceMetadata":0}},{"type":"natural","transformer":{"source":"reccomplex:naturalFloor","sourceMetadata":0}}],"rotatable":true,"mirrorable":true,"naturalGenerationInfo":{"generationCategory":"rare","generationY":{"selectionMode":"surface","minY":-7,"maxY":-4},"generationBiomes":[{"biome":"Type:NETHER","weight":0},{"biome":"Type:END","weight":0},{"biome":"Type:WATER","weight":0},{"biome":"Type:FOREST"},{"biome":"Type:SWAMP"},{"biome":"Type:JUNGLE"}]},"customData":{}}