{"version":3,"generationInfos":[{"type":"natural","generationInfo":{"generationCategory":"rare","generationY":{"selectionMode":"surface","minY":-7,"maxY":-4},"generationBiomes":[{"biomes":"$NETHER","weight":0.0},{"biomes":"$END","weight":0.0},{"biomes":"$WATER","weight":0.0},{"biomes":"$FOREST"},{"biomes":"$SWAMP"},{"biomes":"$JUNGLE"}],"generationDimensions":[]}}],"blockTransformers":[{"type":"naturalAir","transformer":{"source":"reccomplex:negativeSpace","sourceMetadata":1}},{"type":"negativeSpace","transformer":{"source":"reccomplex:negativeSpace","sourceMetadata":0}},{"type":"natural","transformer":{"source":"reccomplex:naturalFloor","sourceMetadata":0}}],"rotatable":true,"mirrorable":true,"metadata":{"authors":"lentebriesje","weblink":"http://www.planetminecraft.com/project/fantasy-tree-repository/","comment":""},"customData":{}}