{"version":2,"blockTransformers":[{"type":"naturalAir","transformer":{"source":"reccomplex:negativeSpace","sourceMetadata":1}},{"type":"negativeSpace","transformer":{"source":"reccomplex:negativeSpace","sourceMetadata":0}},{"type":"natural","transformer":{"source":"reccomplex:naturalFloor","sourceMetadata":0}}],"rotatable":true,"mirrorable":false,"mazeGenerationInfo":{"mazeID":"ForestMaze","component":{"weight":37,"rooms":[{"coordinates":[0,0,0]},{"coordinates":[0,0,1]}],"exits":[{"source":{"coordinates":[0,0,0]},"pathDimension":0,"pathGoesUp":true},{"source":{"coordinates":[0,0,1]},"pathDimension":0,"pathGoesUp":false}]}},"customData":{}}