{"version":3,"generationInfos":[{"type":"natural","generationInfo":{"id":"","generationCategory":"decoration","generationY":{"selectionMode":"surface","minY":-1,"maxY":-1},"generationBiomes":[{"biomes":"$NETHER","weight":0.0},{"biomes":"$END","weight":0.0},{"biomes":"$WATER","weight":0.0},{"biomes":"$PLAINS","weight":0.32786881923675537},{"biomes":"$FOREST","weight":0.32786881923675537},{"biomes":"$SWAMP","weight":0.32786881923675537}],"dimensionWeightsPreset":"overworld","generationDimensions":[{"dimensions":"$UNCATEGORIZED"},{"dimensions":"$NO_TOP_LIMIT \u0026 $BOTTOM_LIMIT \u0026 $INFINITE"}]}}],"transformers":[{"type":"naturalAir","transformer":{"sourceExpression":"reccomplex:negativeSpace \u0026 #1"}},{"type":"negativeSpace","transformer":{"sourceExpression":"reccomplex:negativeSpace \u0026 #0"}},{"type":"natural","transformer":{"sourceExpression":"reccomplex:naturalFloor \u0026 #0"}},{"type":"ruins","transformer":{"minDecay":0.0,"maxDecay":0.8118812,"decayChaos":0.47029704,"blockErosion":0.33663365,"vineGrowth":0.23762377}}],"rotatable":true,"mirrorable":false,"dependencyExpression":"","metadata":{"authors":"lynchyinc","weblink":"http://www.planetminecraft.com/project/medievalfantasy-building-bundle/","comment":"Minor edits by Ivorius"},"customData":{}}