{"version":3,"generationInfos":[{"type":"natural","generationInfo":{"generationCategory":"decoration","generationY":{"selectionMode":"surface","minY":-1,"maxY":-1},"generationBiomes":[{"biome":"Type:NETHER","weight":0.0},{"biome":"Type:END","weight":0.0},{"biome":"Type:WATER","weight":0.0},{"biome":"Type:PLAINS","weight":30.0},{"biome":"Type:FOREST","weight":30.0},{"biome":"Type:SWAMP","weight":30.0}],"generationDimensions":[{"dimensionID":"Type:UNCATEGORIZED"},{"dimensionID":"Type:NO_TOP_LIMIT,BOTTOM_LIMIT,INFINITE"}]}}],"blockTransformers":[{"type":"naturalAir","transformer":{"source":"reccomplex:negativeSpace","sourceMetadata":1}},{"type":"negativeSpace","transformer":{"source":"reccomplex:negativeSpace","sourceMetadata":0}},{"type":"natural","transformer":{"source":"reccomplex:naturalFloor","sourceMetadata":0}},{"type":"ruins","transformer":{"minDecay":0.0,"maxDecay":0.8118812,"decayChaos":0.47029704,"blockErosion":0.33663365,"vineGrowth":0.23762377}}],"rotatable":true,"mirrorable":false,"customData":{}}