{"version":3,"generationInfos":[{"type":"natural","generationInfo":{"generationCategory":"decoration","generationY":{"selectionMode":"surface","minY":-1,"maxY":-1},"generationBiomes":[{"biomes":"$NETHER","weight":0.0},{"biomes":"$END","weight":0.0},{"biomes":"$WATER","weight":0.0},{"biomes":"$PLAINS","weight":30.0},{"biomes":"$FOREST","weight":30.0},{"biomes":"$SWAMP","weight":30.0}],"dimensionWeightsPreset":"overworld","generationDimensions":[{"dimensions":"$UNCATEGORIZED"},{"dimensions":"$NO_TOP_LIMIT \u0026 $BOTTOM_LIMIT \u0026 $INFINITE"}]}}],"blockTransformers":[{"type":"naturalAir","transformer":{"source":"reccomplex:negativeSpace","sourceMetadata":1}},{"type":"negativeSpace","transformer":{"source":"reccomplex:negativeSpace","sourceMetadata":0}},{"type":"natural","transformer":{"source":"reccomplex:naturalFloor","sourceMetadata":0}},{"type":"ruins","transformer":{"minDecay":0.0,"maxDecay":0.8118812,"decayChaos":0.47029704,"blockErosion":0.33663365,"vineGrowth":0.23762377}}],"rotatable":true,"mirrorable":false,"metadata":{"authors":"lynchyinc","weblink":"http://www.planetminecraft.com/project/medievalfantasy-building-bundle/","comment":"Minor edits by Ivorius"},"customData":{}}