{"version":1,"generationBiomes":[{"biome":"Type:NETHER","weight":0},{"biome":"Type:END","weight":0},{"biome":"Type:WATER","weight":0},{"biome":"Type:MOUNTAIN"},{"biome":"Type:HILLS"},{"biome":"Type:MESA"}],"blockTransformers":[{"type":"natural","transformer":{"source":"reccomplex:naturalFloor","sourceMetadata":0}},{"type":"negativeSpace","transformer":{"source":"reccomplex:negativeSpace","sourceMetadata":0}},{"type":"naturalAir","transformer":{"source":"reccomplex:negativeSpace","sourceMetadata":1}}],"generationY":{"selectionMode":"surface","minY":-2,"maxY":-2},"rotatable":false,"mirrorable":false,"generationCategory":"decoration"}