{"version":1,"generationBiomes":[{"biome":"Type:PLAINS"},{"biome":"Type:FOREST"},{"biome":"Type:MOUNTAIN"},{"biome":"Type:HILLS"},{"biome":"Type:SWAMP"},{"biome":"Type:DESERT"},{"biome":"Type:FROZEN"},{"biome":"Type:FOREST,FROZEN"},{"biome":"Type:JUNGLE"}],"blockTransformers":[{"type":"naturalAir","transformer":{"source":"structuregen:negativeSpace","sourceMetadata":1}},{"type":"negativeSpace","transformer":{"source":"structuregen:negativeSpace","sourceMetadata":0}},{"type":"natural","transformer":{"source":"structuregen:naturalFloor","sourceMetadata":0}}],"generationY":{"selectionMode":"bedrock","minY":10,"maxY":30},"rotatable":false,"generationCategory":"adventure"}