{"version":1,"generationBiomes":[{"biome":"Type:COLD","weight":0},{"biome":"Type:HOT","weight":0},{"biome":"Type:FOREST"}],"blockTransformers":[{"type":"naturalAir","transformer":{"source":"reccomplex:negativeSpace","sourceMetadata":1}},{"type":"negativeSpace","transformer":{"source":"reccomplex:negativeSpace","sourceMetadata":0}},{"type":"natural","transformer":{"source":"reccomplex:naturalFloor","sourceMetadata":0}}],"generationY":{"selectionMode":"surface","minY":-2,"maxY":-2},"rotatable":false,"mirrorable":false,"generationCategory":"adventure"}