{"version":2,"blockTransformers":[{"type":"naturalAir","transformer":{"source":"reccomplex:negativeSpace","sourceMetadata":1}},{"type":"negativeSpace","transformer":{"source":"reccomplex:negativeSpace","sourceMetadata":0}},{"type":"natural","transformer":{"source":"reccomplex:naturalFloor","sourceMetadata":0}}],"rotatable":true,"mirrorable":false,"mazeGenerationInfo":{"mazeID":"StoneMaze","component":{"weight":47,"rooms":[{"coordinates":[0,0,0]},{"coordinates":[0,0,1]},{"coordinates":[1,0,0]},{"coordinates":[1,0,1]},{"coordinates":[2,0,0]},{"coordinates":[2,0,1]}],"exits":[{"source":{"coordinates":[0,0,1]},"pathDimension":2,"pathGoesUp":true},{"source":{"coordinates":[0,0,0]},"pathDimension":2,"pathGoesUp":false}]}},"customData":{}}