{"version":1,"generationBiomes":[{"biome":"Type:PLAINS"},{"biome":"Type:FOREST"},{"biome":"Type:MOUNTAIN"},{"biome":"Type:HILLS"},{"biome":"Type:DESERT"}],"blockTransformers":[{"type":"natural","transformer":{"source":"structuregen:naturalFloor","sourceMetadata":0}},{"type":"negativeSpace","transformer":{"source":"structuregen:negativeSpace","sourceMetadata":0}},{"type":"naturalAir","transformer":{"source":"structuregen:negativeSpace","sourceMetadata":1}}],"generationY":{"selectionMode":"bedrock","minY":8,"maxY":25},"rotatable":false,"generationCategory":"decoration"}