{"version":3,"generationInfos":[{"type":"natural","generationInfo":{"generationCategory":"decoration","generationY":{"selectionMode":"surface","minY":-1,"maxY":-1},"generationBiomes":[{"biomes":"$NETHER","weight":0.0},{"biomes":"$END","weight":0.0},{"biomes":"$WATER","weight":0.0},{"biomes":"$PLAINS"},{"biomes":"$FOREST"},{"biomes":"$MOUNTAIN"},{"biomes":"$HILLS"},{"biomes":"$SWAMP"},{"biomes":"$SAVANNA"}],"dimensionWeightsPreset":"overworld","generationDimensions":[{"dimensions":"$UNCATEGORIZED"},{"dimensions":"$NO_TOP_LIMIT \u0026 $BOTTOM_LIMIT \u0026 $INFINITE"}]}}],"blockTransformers":[{"type":"naturalAir","transformer":{"source":"reccomplex:negativeSpace","sourceMetadata":1}},{"type":"negativeSpace","transformer":{"source":"reccomplex:negativeSpace","sourceMetadata":0}},{"type":"natural","transformer":{"source":"reccomplex:naturalFloor","sourceMetadata":0}}],"rotatable":true,"mirrorable":false,"metadata":{"authors":"Team Fusion","weblink":"http://minecraftbuildinginc.com/savanna-tree-pack/","comment":""},"customData":{}}