{"version":3,"generationInfos":[{"type":"natural","generationInfo":{"generationCategory":"decoration","generationY":{"selectionMode":"surface","minY":-1,"maxY":-1},"generationBiomes":[{"biomes":"$COLD","weight":0.0},{"biomes":"$HOT","weight":0.0},{"biomes":"$FOREST"}],"dimensionWeightsPreset":"overworld","generationDimensions":[{"dimensions":"$UNCATEGORIZED"},{"dimensions":"$NO_TOP_LIMIT \u0026 $BOTTOM_LIMIT \u0026 $INFINITE"}]}}],"blockTransformers":[{"type":"natural","transformer":{"source":"reccomplex:naturalFloor","sourceMetadata":0}},{"type":"negativeSpace","transformer":{"source":"reccomplex:negativeSpace","sourceMetadata":0}},{"type":"naturalAir","transformer":{"source":"reccomplex:negativeSpace","sourceMetadata":1}}],"rotatable":true,"mirrorable":false,"metadata":{"authors":"ThatDutchIdiot","weblink":"","comment":""},"customData":{}}