{"version":3,"generationInfos":[{"type":"natural","generationInfo":{"generationCategory":"decoration","generationY":{"selectionMode":"surface","minY":-1,"maxY":-1},"generationBiomes":[{"biomes":"$NETHER","weight":0.0},{"biomes":"$END","weight":0.0},{"biomes":"$WATER","weight":0.0},{"biomes":"$PLAINS"},{"biomes":"$FOREST"},{"biomes":"$SWAMP"}],"dimensionWeightsPreset":"overworld","generationDimensions":[{"dimensions":"$UNCATEGORIZED"},{"dimensions":"$NO_TOP_LIMIT \u0026 $BOTTOM_LIMIT \u0026 $INFINITE"}]}}],"blockTransformers":[{"type":"naturalAir","transformer":{"sourceExpression":"reccomplex:negativeSpace \u0026 #1"}},{"type":"negativeSpace","transformer":{"sourceExpression":"reccomplex:negativeSpace \u0026 #0"}},{"type":"natural","transformer":{"sourceExpression":"reccomplex:naturalFloor \u0026 #0"}},{"type":"ruins","transformer":{"minDecay":0.25247526,"maxDecay":1.0,"decayChaos":0.24752475,"blockErosion":0.36633664,"vineGrowth":0.0}}],"rotatable":true,"mirrorable":false,"metadata":{"authors":"lynchyinc","weblink":"http://www.planetminecraft.com/project/medievalfantasy-building-bundle/","comment":""},"customData":{}}