{"version":3,"generationInfos":[{"type":"vanilla","generationInfo":{"id":"VanillaGen1","generationWeight":0.49180328845977783,"minBaseLimit":0.0,"maxBaseLimit":1.0,"minScaledLimit":0.0,"maxScaledLimit":0.19801980257034302,"spawnShiftX":0,"spawnShiftY":-1,"spawnShiftZ":0,"front":"WEST"}}],"transformers":[{"type":"naturalAir","transformer":{"sourceExpression":"reccomplex:negativeSpace \u0026 #1"}},{"type":"negativeSpace","transformer":{"sourceExpression":"reccomplex:negativeSpace \u0026 #0"}},{"type":"natural","transformer":{"sourceExpression":"reccomplex:naturalFloor \u0026 #0"}},{"type":"replace","transformer":{"sourceExpression":"reccomplex:naturalFloor \u0026 #1","destination":[{"block":"minecraft:air","metadata":0,"tileEntityInfo":""}]}}],"rotatable":true,"mirrorable":false,"dependencyExpression":"","metadata":{"authors":"lynchyinc","weblink":"http://www.planetminecraft.com/project/medievalfantasy-building-bundle/","comment":"Minor edits by Ivorius"},"customData":{}}