{"version":3,"generationInfos":[{"type":"natural","generationInfo":{"generationCategory":"rare","generationY":{"selectionMode":"surface","minY":-6,"maxY":-6},"generationBiomes":[{"biomes":"$NETHER","weight":0.0},{"biomes":"$END","weight":0.0},{"biomes":"$WATER","weight":0.0},{"biomes":"$SAVANNA"},{"biomes":"$HOT \u0026 $DRY \u0026 $SANDY","weight":14.0}],"dimensionWeightsPreset":"overworld","generationDimensions":[{"dimensions":"$UNCATEGORIZED"},{"dimensions":"$NO_TOP_LIMIT \u0026 $BOTTOM_LIMIT \u0026 $INFINITE"}]}}],"blockTransformers":[{"type":"naturalAir","transformer":{"source":"reccomplex:negativeSpace","sourceMetadata":1}},{"type":"negativeSpace","transformer":{"source":"reccomplex:negativeSpace","sourceMetadata":0}},{"type":"natural","transformer":{"source":"reccomplex:naturalFloor","sourceMetadata":0}}],"rotatable":false,"mirrorable":false,"metadata":{"authors":"TripleHeadedSheep","weblink":"","comment":""},"customData":{}}