{"version":2,"blockTransformers":[{"type":"naturalAir","transformer":{"source":"reccomplex:negativeSpace","sourceMetadata":1}},{"type":"negativeSpace","transformer":{"source":"reccomplex:negativeSpace","sourceMetadata":0}},{"type":"natural","transformer":{"source":"reccomplex:naturalFloor","sourceMetadata":0}}],"rotatable":true,"mirrorable":false,"mazeGenerationInfo":{"mazeID":"PyramidMaze","component":{"weight":45,"rooms":[{"coordinates":[0,0,0]},{"coordinates":[1,0,0]},{"coordinates":[0,0,1]},{"coordinates":[1,0,1]}],"exits":[{"source":{"coordinates":[0,0,0]},"pathDimension":2,"pathGoesUp":false},{"source":{"coordinates":[1,0,0]},"pathDimension":2,"pathGoesUp":false},{"source":{"coordinates":[1,0,0]},"pathDimension":0,"pathGoesUp":true},{"source":{"coordinates":[1,0,1]},"pathDimension":0,"pathGoesUp":true}]}},"customData":{}}