{"version":1,"generationBiomes":[{"biome":"Type:MOUNTAIN"},{"biome":"Type:HILLS"},{"biome":"Type:DESERT"},{"biome":"Type:PLAINS,DESERT"}],"blockTransformers":[{"type":"naturalAir","transformer":{"source":"structuregen:negativeSpace","sourceMetadata":1}},{"type":"negativeSpace","transformer":{"source":"structuregen:negativeSpace","sourceMetadata":0}},{"type":"natural","transformer":{"source":"structuregen:naturalFloor","sourceMetadata":0}}],"generationY":{"selectionMode":"surface","minY":-10,"maxY":-7},"rotatable":true,"mirrorable":true,"generationCategory":"decoration"}