{"version":2,"blockTransformers":[{"type":"naturalAir","transformer":{"source":"reccomplex:negativeSpace","sourceMetadata":1}},{"type":"negativeSpace","transformer":{"source":"reccomplex:negativeSpace","sourceMetadata":0}},{"type":"natural","transformer":{"source":"reccomplex:naturalFloor","sourceMetadata":0}}],"rotatable":false,"mirrorable":false,"naturalGenerationInfo":{"generationCategory":"adventure","generationY":{"selectionMode":"bedrock","minY":10,"maxY":30},"generationBiomes":[{"biome":"Type:NETHER","weight":0},{"biome":"Type:END","weight":0},{"biome":"Type:PLAINS"},{"biome":"Type:FOREST"},{"biome":"Type:MOUNTAIN"},{"biome":"Type:HILLS"},{"biome":"Type:SWAMP"},{"biome":"Type:SANDY"},{"biome":"Type:RIVER"},{"biome":"Type:OCEAN"},{"biome":"Type:WASTELAND"},{"biome":"Type:MUSHROOM"},{"biome":"Type:JUNGLE"}]},"customData":{}}