{"version":1,"generationBiomes":[{"biome":"Type:PLAINS"},{"biome":"Type:FOREST"},{"biome":"Type:MOUNTAIN"},{"biome":"Type:HILLS"},{"biome":"Type:SWAMP"},{"biome":"Type:DESERT"},{"biome":"Type:FROZEN"},{"biome":"Type:FOREST,FROZEN"},{"biome":"Type:PLAINS,DESERT"},{"biome":"Type:JUNGLE"}],"blockTransformers":[{"type":"natural","transformer":{"source":"structuregen:naturalFloor","sourceMetadata":0}},{"type":"negativeSpace","transformer":{"source":"structuregen:negativeSpace","sourceMetadata":0}},{"type":"naturalAir","transformer":{"source":"structuregen:negativeSpace","sourceMetadata":1}}],"generationY":{"selectionMode":"surface","minY":-8,"maxY":-8},"rotatable":true,"generationCategory":"decoration"}