{"version":1,"generationBiomes":[{"biome":"Type:COLD","weight":0},{"biome":"Type:HOT","weight":0},{"biome":"Type:FOREST"}],"blockTransformers":[{"type":"natural","transformer":{"source":"reccomplex:naturalFloor","sourceMetadata":0}},{"type":"negativeSpace","transformer":{"source":"reccomplex:negativeSpace","sourceMetadata":0}},{"type":"naturalAir","transformer":{"source":"reccomplex:negativeSpace","sourceMetadata":1}}],"generationY":{"selectionMode":"surface","minY":-1,"maxY":-1},"rotatable":false,"mirrorable":false,"generationCategory":"decoration"}