{"version":1,"generationBiomes":[{"biome":"Type:PLAINS"},{"biome":"Type:FOREST"},{"biome":"Type:FROZEN"},{"biome":"Type:FOREST,FROZEN"}],"blockTransformers":[{"type":"natural","transformer":{"source":"structuregen:naturalFloor","sourceMetadata":0}},{"type":"negativeSpace","transformer":{"source":"structuregen:negativeSpace","sourceMetadata":0}},{"type":"naturalAir","transformer":{"source":"structuregen:negativeSpace","sourceMetadata":1}}],"generationY":{"selectionMode":"surface","minY":-2,"maxY":-2},"rotatable":true,"generationCategory":"decoration"}