{"version":1,"generationBiomes":[{"biome":"Type:MOUNTAIN"},{"biome":"Type:HILLS"},{"biome":"Type:DESERT"},{"biome":"Type:PLAINS,DESERT"}],"blockTransformers":[{"type":"naturalAir","transformer":{"source":"reccomplex:negativeSpace","sourceMetadata":1}},{"type":"negativeSpace","transformer":{"source":"reccomplex:negativeSpace","sourceMetadata":0}},{"type":"natural","transformer":{"source":"reccomplex:naturalFloor","sourceMetadata":0}}],"generationY":{"selectionMode":"lowestedge","minY":-22,"maxY":-15},"rotatable":true,"mirrorable":true,"generationCategory":"decoration"}